y_right,label,ImgName,anonid,ID_clip,frame,RR,bbox-0,bbox-1,bbox-2,bbox-3,area,filled_area,convex_area,centroid-0,centroid-1,eccentricity,orientation,major_axis_length,minor_axis_length,solidity,L,L_model,x_top,y_top,D2,L_disk,x_left,y_left,x_right,Rsquared,RMSE,MSE,cycles,freq,amplitude,phase,offset
"[144, 149, 153, 157, 160, 163, 165, 168, 171, 173, 175, 176, 178, 179, 181, 181, 182, 182, 181, 178, 175]",inner_circle,LVMASSTEST01_SAX_DIA_of_X.npy,LVMASSTEST01,LVMASSTEST01_SAX,DIA,44,106,109,176,183,23.834228515625,23.834228515625,24.13330078125,141,145,0.5835448421424259,0.8846260957241177,78.29741115976167,63.58383352341113,0.9876074860900355,72.89718787443039,5.695092802689874,109,128,"[2.7610307886050456, 3.355739311705395, 3.8089442947652827, 4.1251183695137765, 4.40350645970061, 4.578151663744879, 4.6489298583786995, 4.823546575135353, 4.9657026818970955, 4.9657026818970955, 4.9657026818970955, 4.927452197256712, 4.894517221149089, 4.823546575135353, 4.7199398334353795, 4.40350645970061, 4.1582760569285195, 3.8089442947652827, 3.1811364174222394, 2.341144384964328, 1.5388840315306411]",0.2711948953661845,"[121, 125, 130, 133, 137, 141, 143, 147, 150, 153, 156, 159, 162, 164, 167, 169, 171, 173, 174, 175, 175]","[112, 110, 109, 109, 109, 110, 111, 112, 113, 115, 117, 119, 121, 123, 126, 130, 134, 138, 144, 151, 157]","[106, 107, 109, 111, 113, 116, 118, 121, 124, 127, 130, 132, 136, 138, 142, 145, 148, 152, 157, 162, 167]",0,0,0,0,0,0,0,0
"[126, 132, 136, 140, 144, 148, 151, 155, 157, 159, 161, 164, 165, 167, 168, 169, 169, 168, 167, 164, 159]",inner_circle,LVMASSTEST02_SAX_DIA_of_X.npy,LVMASSTEST02,LVMASSTEST02_SAX,DIA,37,98,98,164,170,21.83837890625,21.83837890625,22.186279296875,131,132,0.6400389539878668,0.9546127305181097,77.10755582168004,59.24500920185401,0.9843191196698762,71.55417527999327,5.5901699437494745,99,116,"[2.2777155839239454, 2.9032662775096947, 3.284968131504475, 3.5303511024046887, 3.8472100788266035, 4.1251183695137765, 4.40350645970061, 4.545371314934018, 4.6489298583786995, 4.7528003669547285, 4.823546575135353, 4.894517221149089, 4.7528003669547285, 4.7528003669547285, 4.612022544732951, 4.40350645970061, 3.983608994994363, 3.459623410231958, 3.006543969514665, 2.166472597478445, 1.0481568644530266]",0.266198568749975,"[110, 115, 119, 122, 125, 129, 133, 136, 139, 142, 145, 148, 151, 153, 156, 158, 160, 161, 162, 163, 163]","[99, 98, 98, 99, 99, 100, 100, 102, 103, 104, 105, 107, 110, 112, 115, 118, 123, 128, 132, 139, 147]","[99, 100, 101, 103, 105, 107, 109, 112, 114, 116, 119, 122, 125, 127, 130, 134, 138, 142, 146, 151, 157]",0,0,0,0,0,0,0,0
"[133, 137, 140, 143, 147, 151, 154, 157, 160, 164, 167, 168, 171, 173, 175, 175, 176, 176, 175, 173, 170]",inner_circle,LVMASSTEST03_SAX_DIA_of_X.npy,LVMASSTEST03,LVMASSTEST03_SAX,DIA,56,98,122,166,177,14.97802734375,14.97802734375,15.3564453125,133,148,0.797530106933867,0.5688316625778056,73.13252231490591,44.11932563942435,0.9753577106518283,74.62573282722254,5.83013537712676,98,126,"[0.9789034442298178, 1.2228496751951976, 1.5027643798180736, 1.7556410198628305, 1.9963956779969747, 2.2385232471710004, 2.4519304416367524, 2.6262087990580643, 2.907467822801312, 3.1493194329291208, 3.3630067578173257, 3.4035970173112444, 3.5775791068297846, 3.5775791068297846, 3.5372598195849285, 3.4454807923749913, 3.229691657592873, 2.9481191037676884, 2.4269100885951667, 1.798572567690834, 0.7370297759419221]",0.27762549414889337,"[105, 108, 112, 116, 120, 123, 127, 130, 134, 138, 142, 145, 149, 152, 155, 158, 160, 162, 164, 165, 163]","[122, 123, 123, 124, 125, 126, 127, 128, 128, 129, 130, 131, 132, 134, 136, 138, 141, 144, 149, 154, 162]","[99, 101, 103, 104, 107, 109, 111, 113, 115, 118, 120, 122, 125, 128, 132, 134, 138, 142, 147, 152, 158]",0,0,0,0,0,0,0,0
"[120, 126, 131, 136, 139, 143, 146, 148, 151, 153, 155, 157, 159, 160, 161, 163, 163, 164, 164, 163]",inner_circle,LVMASSTEST04_SAX_DIA_of_X.npy,LVMASSTEST04,LVMASSTEST04_SAX,DIA,51,105,100,173,165,21.026611328125,21.026611328125,21.295166015625,137,131,0.6072412771740816,0.6847530594794811,74.34312448296046,59.06691216610599,0.9873889366580683,74.81310045707235,5.844773473208777,108,108,"[1.798572567690834, 2.5158190918913466, 3.0156654790029345, 3.515625, 3.8440358125445453, 4.1251183695137765, 4.392403999022061, 4.502196729444972, 4.563463083284448, 4.673155133980681, 4.612022544732951, 4.441459501109967, 4.344199617018076, 4.221642526908218, 4.00195264839553, 3.782412011534439, 3.4410493039914436, 3.2211762700137974, 2.720949182385625, 2.000976324197765]",0.2783225463432751,"[118, 124, 128, 133, 137, 141, 146, 149, 152, 155, 158, 160, 162, 165, 166, 168, 170, 171, 172, 171]","[101, 100, 100, 100, 100, 101, 102, 103, 105, 106, 109, 113, 115, 118, 121, 125, 129, 132, 137, 143]","[105, 105, 105, 106, 107, 109, 111, 113, 116, 118, 121, 124, 128, 131, 134, 138, 142, 145, 150, 155]",0,0,0,0,0,0,0,0
"[103, 108, 114, 120, 124, 128, 130, 133, 135, 138, 141, 142, 143, 145, 145, 146, 145, 145, 143, 139, 131]",inner_circle,LVMASSTEST05_SAX_DIA_of_X.npy,LVMASSTEST05,LVMASSTEST05_SAX,DIA,30,116,77,186,147,22.16796875,22.16796875,22.57080078125,150,110,0.6275222980681038,0.7571066326587034,77.26951853934278,60.16193823816961,0.9821525148729042,74.24957912338628,5.800748369014554,116,95,"[2.271006539648224, 2.6262087990580643, 3.1493194329291208, 3.6727060229822373, 3.87959656810473, 4.1251183695137765, 4.228865188351362, 4.40350645970061, 4.507616167734892, 4.6489298583786995, 4.791171283269364, 4.7199398334353795, 4.682288769928656, 4.6489298583786995, 4.437334944113415, 4.262647770532419, 3.9132749332400607, 3.563904602486576, 3.039855696616206, 2.166472597478445, 0.7694420157653206]",0.27622611281021686,"[130, 132, 136, 140, 143, 147, 150, 154, 157, 161, 164, 167, 170, 173, 175, 178, 180, 182, 184, 185, 185]","[77, 77, 77, 77, 79, 80, 81, 82, 83, 84, 85, 87, 89, 91, 94, 97, 100, 104, 108, 114, 122]","[117, 119, 120, 121, 122, 125, 127, 130, 132, 136, 139, 142, 144, 148, 150, 154, 158, 162, 167, 173, 181]",0,0,0,0,0,0,0,0
"[133, 135, 139, 143, 145, 147, 149, 153, 154, 156, 157, 159, 160, 161, 161, 162, 161, 161, 159, 156, 150]",inner_circle,LVMASSTEST06_SAX_DIA_of_X.npy,LVMASSTEST06,LVMASSTEST06_SAX,DIA,25,92,103,154,163,16.85791015625,16.85791015625,17.156982421875,122,132,0.4288894730090795,0.46335313074833817,62.461296537380186,56.42484774457343,0.9825684809676272,61.26989472816156,4.786710525637622,95,119,"[2.096313728906053, 2.550754330830392, 3.0747919772116292, 3.4938562148434213, 3.563904602486576, 3.738589410626687, 3.9132749332400607, 4.1582760569285195, 4.1582760569285195, 4.262647770532419, 4.262647770532419, 4.262647770532419, 4.297585168585958, 4.262647770532419, 4.087961078734728, 4.017934647069935, 3.6685490255855924, 3.3892206192943535, 2.865175128264414, 2.096313728906053, 1.0481568644530266]",0.22793859645893436,"[104, 108, 112, 117, 118, 121, 124, 128, 130, 133, 135, 138, 141, 143, 145, 148, 150, 151, 152, 153, 153]","[109, 106, 104, 103, 104, 104, 104, 105, 106, 107, 108, 110, 111, 112, 114, 116, 119, 122, 126, 132, 138]","[92, 93, 94, 97, 98, 100, 102, 105, 107, 109, 111, 114, 116, 119, 122, 125, 129, 132, 136, 141, 147]",0,0,0,0,0,0,0,0
"[123, 128, 134, 137, 140, 143, 147, 149, 152, 154, 157, 159, 160, 162, 163, 163, 164, 163, 162, 159, 153]",inner_circle,LVMASSTEST07_SAX_DIA_of_X.npy,LVMASSTEST07,LVMASSTEST07_SAX,DIA,72,94,94,168,165,24.456787109375,24.456787109375,24.89013671875,130,128,0.4917930942146721,0.6025957033827936,76.59954568054508,66.69615090010689,0.9825895046591466,75.45197147855052,5.894685271761759,100,106,"[2.4926650208662213, 3.0558761274387414, 3.727143888086426, 3.943571707538738, 4.225255400934362, 4.398652581331015, 4.745732046402325, 4.788622787725611, 5.070306481121235, 5.114055577829106, 5.1354932592327485, 5.178691693492672, 5.114055577829106, 4.96201390881263, 4.832395966935036, 4.550739337253344, 4.160477173654484, 3.705794133009819, 3.206933711214655, 2.1888946447065467, 0.8450510801868726]",0.28069929865532184,"[111, 116, 122, 125, 129, 133, 137, 140, 145, 148, 150, 154, 157, 159, 161, 163, 165, 166, 167, 167, 165]","[96, 95, 94, 95, 95, 96, 96, 98, 98, 100, 102, 104, 106, 109, 112, 115, 120, 124, 128, 136, 144]","[94, 95, 96, 97, 99, 102, 104, 106, 109, 111, 114, 117, 120, 124, 126, 130, 135, 139, 144, 151, 159]",0,0,0,0,0,0,0,0
"[129, 132, 135, 137, 138, 141, 142, 143, 145, 145, 147, 147, 148, 149, 149, 150, 151, 151, 151, 150, 149]",inner_circle,LVMASSTEST08_SAX_DIA_of_X.npy,LVMASSTEST08,LVMASSTEST08_SAX,DIA,34,117,116,146,152,4.6875,4.6875,4.82177734375,130,132,0.6936113352888335,1.1977917228673067,36.91289791817443,26.59018534030441,0.9721518987341772,29.966648127543394,2.341144384964328,117,127,"[1.0881553341550094, 1.3350005852058642, 1.5819106821341085, 1.7556410198628305, 1.8570100506257363, 2.1035800027869156, 2.1338281693355725, 2.2055615958582973, 2.2777155839239454, 2.23715954113693, 2.2777155839239454, 2.23715954113693, 2.23715954113693, 2.23715954113693, 2.166472597478445, 2.096313728906053, 2.03125, 1.887975933374152, 1.7134150155829149, 1.5722352966795397, 1.1899645477912357]",0.11148306595068228,"[122, 124, 125, 127, 128, 130, 132, 133, 134, 135, 136, 138, 139, 140, 141, 142, 142, 143, 144, 145, 145]","[116, 116, 116, 116, 116, 116, 117, 117, 118, 119, 120, 121, 122, 123, 124, 126, 127, 129, 131, 132, 135]","[117, 118, 118, 119, 119, 120, 121, 122, 123, 123, 125, 126, 127, 128, 129, 130, 132, 133, 135, 136, 139]",0,0,0,0,0,0,0,0
"[126, 133, 137, 138, 141, 143, 145, 147, 149, 151, 152, 153, 154, 155, 156, 156, 156, 155, 154, 152, 148]",inner_circle,LVMASSTEST09_SAX_DIA_of_X.npy,LVMASSTEST09,LVMASSTEST09_SAX,DIA,15,107,107,155,157,10.9130859375,10.9130859375,11.12060546875,129,131,0.587727747187583,0.8327135206914633,53.12469801030384,42.9810028902944,0.9813391877058177,50.53711507397311,3.948212115154149,107,120,"[1.5388840315306411, 2.1035800027869156, 2.554341050667471, 2.657398648702336, 2.8005388013960815, 2.93567097313374, 3.0777680630612823, 3.1811364174222394, 3.284968131504475, 3.323757404091039, 3.355739311705395, 3.355739311705395, 3.3191634041012503, 3.284968131504475, 3.1811364174222394, 3.039855696616206, 2.865175128264414, 2.4117732875676765, 2.271006539648224, 1.6424840657522375, 0.7694420157653206]",0.18801010072162616,"[115, 117, 121, 123, 125, 128, 130, 132, 135, 136, 139, 141, 143, 145, 147, 148, 150, 151, 153, 153, 153]","[108, 108, 107, 107, 108, 109, 109, 110, 111, 112, 113, 114, 116, 117, 119, 121, 123, 127, 128, 133, 139]","[107, 107, 108, 109, 111, 112, 114, 115, 117, 119, 121, 123, 124, 127, 130, 131, 134, 138, 140, 144, 149]",0,0,0,0,0,0,0,0
"[145, 150, 153, 157, 159, 162, 164, 165, 167, 169, 170, 171, 172, 173, 173, 173, 173, 172, 171, 169, 157]",inner_circle,LVMASSTEST10_SAX_DIA_of_X.npy,LVMASSTEST10,LVMASSTEST10_SAX,DIA,38,86,106,154,174,20.8251953125,20.8251953125,21.112060546875,119,140,0.3899802345619635,0.8873567657271483,68.88591509846665,63.431750683258336,0.9864122578779995,67.08203932499369,5.240784322265132,91,126,"[2.620392161132566, 3.634282296754065, 3.983608994994363, 4.40350645970061, 4.578151663744879, 4.823546575135353, 4.894517221149089, 4.856962825740485, 4.927452197256712, 4.927452197256712, 4.856962825740485, 4.786710525637622, 4.578151663744879, 4.442146554946719, 4.054228357915351, 3.87959656810473, 3.5303511024046887, 3.110317068342872, 2.6904961496441504, 2.166472597478445, 0.34938562148434216]",0.2495611582031015,"[101, 108, 111, 115, 118, 122, 124, 127, 130, 133, 136, 138, 140, 142, 144, 146, 148, 149, 151, 152, 152]","[115, 108, 107, 106, 106, 106, 107, 109, 110, 112, 114, 116, 119, 121, 126, 128, 132, 136, 140, 144, 153]","[86, 88, 89, 91, 93, 96, 98, 100, 103, 106, 109, 111, 115, 119, 122, 125, 129, 132, 136, 140, 150]",0,0,0,0,0,0,0,0
"[142, 151, 157, 161, 167, 170, 174, 177, 180, 183, 185, 187, 191, 192, 194, 194, 194, 193, 191, 188, 181]",outer_circle,LVMASSTEST01_SAX_DIA_of_X.npy,LVMASSTEST01,LVMASSTEST01_SAX,DIA,44,93,91,188,196,45.318603515625,45.318603515625,45.953369140625,140,143,0.5754589252938528,0.9792380113482994,107.58184752431939,87.9837357894522,0.9861867445875946,98.84331034521254,7.72213362071973,96,122,"[4.054228357915351, 4.998168609913535, 5.592898852842325, 6.01308793902933, 6.4659942801745505, 6.56993626300895, 6.71147862341079, 6.815258902363871, 6.919246820463916, 6.919246820463916, 6.919246820463916, 6.848760294982224, 6.95707401902912, 6.674088479429232, 6.536873326799672, 6.150080188755672, 5.730350256528828, 5.031638183782693, 4.1582760569285195, 3.284968131504475, 1.8171411483770326]",0.3677206486057014,"[115, 121, 126, 131, 137, 141, 145, 149, 154, 158, 162, 165, 169, 173, 176, 179, 182, 184, 185, 187, 187]","[95, 93, 92, 91, 92, 94, 96, 98, 100, 103, 105, 108, 110, 115, 118, 123, 128, 135, 143, 150, 160]","[93, 94, 96, 99, 102, 105, 109, 112, 116, 120, 124, 127, 132, 136, 141, 145, 150, 156, 162, 169, 177]",0,0,0,0,0,0,0,0
"[128, 136, 142, 148, 152, 157, 160, 164, 167, 171, 173, 176, 178, 180, 181, 182, 182, 180, 177, 173, 165]",outer_circle,LVMASSTEST02_SAX_DIA_of_X.npy,LVMASSTEST02,LVMASSTEST02_SAX,DIA,37,86,85,178,183,42.37060546875,42.37060546875,42.95654296875,131,131,0.5509169952241985,0.9403768749183052,103.00447217405764,85.9634166651224,0.9863597612958227,97.04638066409278,7.581748489382249,88,110,"[3.4982208089434548, 4.299714970567817, 4.927452197256712, 5.347426549577375, 5.730350256528828, 6.116743478457307, 6.291367007902576, 6.6037579559388, 6.7445905697177055, 6.886088359193846, 6.815258902363871, 6.919246820463916, 6.815258902363871, 6.7445905697177055, 6.4994177924353345, 6.045986691858079, 5.555670842987821, 5.031638183782693, 4.1582760569285195, 3.006543969514665, 1.0481568644530266]",0.3610356423515356,"[105, 111, 116, 121, 126, 131, 135, 141, 145, 149, 153, 157, 160, 164, 167, 170, 172, 175, 177, 177, 175]","[87, 86, 85, 86, 86, 86, 87, 88, 89, 91, 94, 96, 99, 102, 106, 112, 118, 122, 129, 138, 153]","[87, 88, 89, 92, 94, 98, 101, 104, 108, 112, 116, 119, 123, 127, 131, 137, 141, 147, 154, 161, 169]",0,0,0,0,0,0,0,0
"[128, 134, 140, 144, 149, 153, 158, 163, 168, 171, 175, 179, 182, 184, 186, 187, 188, 188, 187, 184]",outer_circle,LVMASSTEST03_SAX_DIA_of_X.npy,LVMASSTEST03,LVMASSTEST03_SAX,DIA,56,84,106,178,189,33.26416015625,33.26416015625,33.917236328125,131,146,0.7473691533252451,0.5933687740781639,103.15602271592613,68.53779217719234,0.9807450062983625,103.73041983911952,8.103939049931213,85,115,"[1.9295451617544481, 2.5351532405606174, 2.9481191037676884, 3.229691657592873, 3.55361419235755, 3.727143888086426, 4.074501503251656, 4.464076445988017, 4.811510653175882, 5.070306481121235, 5.309052190010002, 5.482683143600859, 5.5485252826764695, 5.525376471902163, 5.374750175880271, 5.070306481121235, 4.788622787725611, 4.333649452612082, 3.55361419235755, 2.5351532405606174]",0.38590185952053396,"[97, 103, 108, 113, 118, 122, 128, 133, 138, 144, 149, 154, 158, 162, 166, 169, 172, 175, 176, 177]","[107, 107, 108, 109, 111, 113, 114, 115, 116, 117, 118, 120, 122, 125, 128, 133, 137, 142, 149, 157]","[84, 85, 88, 91, 93, 96, 100, 102, 105, 108, 112, 116, 120, 123, 129, 133, 138, 144, 151, 159]",0,0,0,0,0,0,0,0
"[116, 123, 130, 138, 142, 146, 151, 155, 159, 162, 165, 167, 169, 171, 173, 175, 176, 177, 176, 174, 164]",outer_circle,LVMASSTEST04_SAX_DIA_of_X.npy,LVMASSTEST04,LVMASSTEST04_SAX,DIA,51,92,87,185,178,40.34423828125,40.34423828125,40.924072265625,137,131,0.564570271808448,0.6985484347623819,101.01790261388555,83.37866215877253,0.9858314690529456,101.04454463255303,7.894105049418205,97,99,"[2.781952158557009, 3.501708567346089, 4.331536336134097, 5.002440810494413, 5.44189836477125, 5.771740489769962, 6.1127508256307985, 6.271934167633218, 6.442352540027595, 6.552261358206799, 6.442352540027595, 6.381908787002914, 6.211797306838819, 6.041947281557909, 5.771740489769962, 5.491581803371867, 5.101508661660784, 4.491338234939003, 3.771099495670991, 2.720949182385625, 0.5002440810494413]",0.37590976425800976,"[114, 120, 127, 133, 139, 144, 149, 154, 158, 162, 166, 169, 172, 175, 178, 180, 182, 183, 184, 183, 179]","[88, 88, 87, 88, 88, 89, 90, 93, 95, 97, 101, 104, 108, 112, 116, 121, 126, 133, 139, 147, 159]","[92, 92, 92, 93, 95, 97, 100, 103, 106, 109, 114, 117, 121, 125, 131, 135, 140, 146, 153, 161, 175]",0,0,0,0,0,0,0,0
"[106, 114, 125, 131, 137, 142, 145, 147, 150, 152, 153, 155, 157, 158, 159, 159, 159, 158, 157, 154, 143]",outer_circle,LVMASSTEST05_SAX_DIA_of_X.npy,LVMASSTEST05,LVMASSTEST05_SAX,DIA,30,101,58,202,160,48.44970703125,48.44970703125,49.1455078125,148,110,0.5120646935039277,0.7766170170404388,108.72676205899273,93.39051348642543,0.9858420268256334,103.78824596263297,8.108456715830702,102,88,"[3.9505302749282913, 4.856962825740485, 5.696700148166919, 6.220634136685744, 6.674088479429232, 6.989895748730807, 7.093904871657428, 7.232366756895699, 7.26856459350813, 7.164535323818985, 7.093904871657428, 7.023433154892983, 6.919246820463916, 6.674088479429232, 6.291367007902576, 5.975413492491545, 5.62608496480901, 5.2063147129831675, 4.578151663744879, 3.8089442947652827, 1.0481568644530266]",0.38611698646812864,"[122, 129, 133, 138, 144, 148, 153, 158, 163, 166, 171, 175, 179, 182, 186, 189, 193, 196, 199, 201, 197]","[60, 58, 59, 59, 60, 61, 63, 64, 66, 69, 71, 74, 77, 81, 86, 90, 94, 98, 104, 110, 131]","[101, 102, 102, 104, 107, 110, 114, 117, 123, 127, 132, 136, 141, 145, 152, 156, 162, 167, 174, 180, 191]",0,0,0,0,0,0,0,0
"[129, 134, 138, 142, 147, 151, 154, 157, 160, 163, 165, 168, 169, 171, 173, 174, 175, 174, 172, 168, 156]",outer_circle,LVMASSTEST06_SAX_DIA_of_X.npy,LVMASSTEST06,LVMASSTEST06_SAX,DIA,25,78,88,167,176,34.8388671875,34.8388671875,35.2783203125,122,131,0.40679696968549467,0.6413230774304853,89.29314886560543,81.57095199472685,0.9875432525951557,86.40023148117139,6.7500180844665145,88,105,"[4.015655398717624, 4.422868704599425, 4.813413062734176, 5.094924136150115, 5.422235218581449, 5.657997830781221, 5.876018030148052, 5.922060518202258, 6.0942507807051225, 6.157518904761885, 6.203439853470412, 6.157518904761885, 6.031330958005869, 5.968770451535644, 5.812836011793211, 5.531448619315288, 5.2500930051285755, 4.531923441335367, 3.90625, 2.734375, 0.390625]",0.32142943259364354,"[109, 112, 117, 121, 125, 129, 133, 137, 141, 145, 148, 151, 154, 157, 160, 162, 164, 165, 166, 165, 161]","[88, 88, 88, 89, 91, 92, 93, 96, 97, 99, 101, 104, 107, 110, 113, 117, 121, 127, 132, 140, 152]","[78, 79, 81, 83, 84, 87, 89, 92, 95, 99, 101, 105, 108, 111, 116, 120, 124, 131, 136, 144, 158]",0,0,0,0,0,0,0,0
"[127, 135, 143, 147, 152, 156, 160, 163, 167, 169, 171, 174, 175, 176, 177, 177, 176, 174, 171, 167]",outer_circle,LVMASSTEST07_SAX_DIA_of_X.npy,LVMASSTEST07,LVMASSTEST07_SAX,DIA,72,83,79,181,178,45.965576171875,45.965576171875,46.5576171875,131,127,0.43775142472760575,0.7345552073065461,103.31551767408617,92.89057286907888,0.9872836916622968,101.07917688624102,7.89681069423758,86,105,"[3.634282296754065, 4.578151663744879, 5.522061577210091, 5.905030462717783, 6.187677554270666, 6.56993626300895, 6.71147862341079, 6.848760294982224, 7.093904871657428, 7.198106983132787, 7.198106983132787, 7.198106983132787, 7.023433154892983, 6.919246820463916, 6.674088479429232, 6.220634136685744, 5.800748369014554, 5.1021068335174045, 4.262647770532419, 3.110317068342872]",0.3760386044875038,"[103, 109, 116, 121, 125, 131, 135, 139, 145, 149, 153, 158, 161, 165, 169, 172, 175, 178, 180, 180]","[85, 82, 79, 79, 80, 80, 82, 84, 85, 86, 88, 91, 94, 96, 100, 105, 109, 115, 122, 131]","[83, 84, 86, 88, 92, 95, 99, 101, 106, 109, 113, 118, 122, 127, 132, 138, 143, 150, 156, 163]",0,0,0,0,0,0,0,0
"[129, 132, 137, 139, 143, 147, 149, 152, 155, 157, 158, 160, 161, 162, 163, 163, 163, 162, 161, 159, 156]",outer_circle,LVMASSTEST08_SAX_DIA_of_X.npy,LVMASSTEST08,LVMASSTEST08_SAX,DIA,34,104,103,157,164,15.264892578125,15.264892578125,15.56396484375,130,132,0.5810743365620002,1.1778906340865478,62.61098450237366,50.955980236456895,0.9807843137254902,55.90169943749474,4.367320268554277,105,120,"[2.0625591847568883, 2.3799290955824715, 2.93567097313374, 3.110317068342872, 3.459623410231958, 3.6727060229822373, 3.87959656810473, 4.054228357915351, 4.196265313123683, 4.228865188351362, 4.262647770532419, 4.299714970567817, 4.196265313123683, 4.1582760569285195, 3.983608994994363, 3.8089442947652827, 3.563904602486576, 3.214537595537654, 2.7610307886050456, 2.0625591847568883, 1.0481568644530266]",0.20796763183591796,"[115, 117, 122, 124, 127, 129, 132, 135, 137, 139, 142, 144, 146, 148, 150, 152, 154, 155, 156, 156, 155]","[105, 104, 103, 103, 103, 104, 104, 105, 106, 108, 109, 110, 112, 114, 117, 119, 122, 125, 129, 135, 144]","[104, 105, 106, 107, 108, 110, 111, 113, 115, 116, 118, 121, 124, 125, 128, 131, 134, 137, 141, 145, 149]",0,0,0,0,0,0,0,0
"[127, 133, 139, 143, 147, 151, 154, 156, 159, 161, 163, 165, 166, 167, 167, 168, 167, 167, 165, 161, 155]",outer_circle,LVMASSTEST09_SAX_DIA_of_X.npy,LVMASSTEST09,LVMASSTEST09_SAX,DIA,15,94,93,167,169,25.958251953125,25.958251953125,26.324462890625,128,130,0.5341309966378474,0.8541507188041618,80.14210111738963,67.75227061497374,0.9860885694412242,76.02631123499285,5.939555565233816,95,113,"[2.831963900061228, 3.4938562148434213, 3.9505302749282913, 4.299714970567817, 4.578151663744879, 4.927452197256712, 4.998168609913535, 5.1021068335174045, 5.17279542413964, 5.310776374799168, 5.310776374799168, 5.310776374799168, 5.276763997115088, 5.1360874730917505, 4.856962825740485, 4.7528003669547285, 4.33294519495689, 3.983608994994363, 3.3892206192943535, 2.5158190918913466, 1.29319885603491]",0.28283597929684834,"[109, 114, 117, 121, 125, 129, 132, 135, 138, 142, 145, 148, 151, 154, 156, 159, 161, 163, 165, 166, 166]","[94, 93, 93, 93, 94, 94, 96, 97, 99, 100, 102, 104, 105, 108, 111, 113, 117, 121, 126, 132, 140]","[94, 94, 96, 98, 100, 102, 105, 107, 110, 112, 115, 118, 122, 125, 129, 133, 137, 141, 146, 152, 159]",0,0,0,0,0,0,0,0
"[140, 148, 154, 159, 162, 167, 170, 173, 175, 178, 180, 182, 184, 184, 185, 185, 184, 183, 182, 178, 167]",outer_circle,LVMASSTEST10_SAX_DIA_of_X.npy,LVMASSTEST10,LVMASSTEST10_SAX,DIA,38,72,95,161,186,36.9384765625,36.9384765625,37.457275390625,117,141,0.32988186257992164,1.0314144228522453,90.50201007019136,85.43590869518263,0.9861495844875346,90.33825324855468,7.057676035043334,76,121,"[2.4828513409485478, 3.601384553630034, 4.47431908227386, 5.243695060796823, 5.592898852842325, 6.116743478457307, 6.4659942801745505, 6.674088479429232, 6.778441238588707, 6.7445905697177055, 6.778441238588707, 6.778441238588707, 6.56993626300895, 6.324748327502842, 5.9421240218145055, 5.4514234451310974, 4.961398846658572, 4.40350645970061, 3.8089442947652827, 2.6904961496441504, 0.8734640537108553]",0.3360798111925397,"[86, 93, 100, 107, 111, 117, 122, 127, 131, 134, 138, 142, 145, 147, 150, 152, 155, 156, 158, 159, 159]","[111, 106, 102, 98, 97, 96, 95, 96, 97, 100, 102, 104, 108, 111, 116, 122, 127, 132, 138, 147, 157]","[73, 74, 76, 79, 81, 84, 87, 90, 93, 97, 100, 104, 109, 112, 118, 122, 127, 132, 137, 144, 154]",0,0,0,0,0,0,0,0
